time_gps_week_sec,easting_x_m,northing_y_m,altitude_z_m,roll_deg,pitch_deg,heading_deg,quality_flag
354120.000,380210.000,2040200.000,607.500,0.12,-0.08,0.0,1
354122.000,380209.853,2040204.197,607.500,0.12,-0.08,4.0,1
354124.000,380209.413,2040208.373,607.500,0.12,-0.08,8.0,1
354126.000,380208.682,2040212.508,607.500,0.12,-0.08,12.0,1
354128.000,380207.663,2040216.581,607.500,0.12,-0.08,16.0,1
354130.000,380206.362,2040220.574,607.500,0.12,-0.08,20.1,1
354132.000,380204.785,2040224.466,607.500,0.12,-0.08,24.1,1
354134.000,380202.940,2040228.238,607.500,0.12,-0.08,28.1,1
354136.000,380200.835,2040231.871,607.500,0.12,-0.08,32.1,1
354138.000,380198.482,2040235.349,607.500,0.12,-0.08,36.1,1
354140.000,380195.891,2040238.653,607.500,0.12,-0.08,40.1,1
354142.000,380193.075,2040241.768,607.500,0.12,-0.08,44.1,1
354144.000,380190.048,2040244.679,607.500,0.12,-0.08,48.1,1
354146.000,380186.825,2040247.370,607.500,0.12,-0.08,52.1,1
354148.000,380183.421,2040249.830,607.500,0.12,-0.08,56.1,1
354150.000,380179.854,2040252.045,607.500,0.12,-0.08,60.2,1
354152.000,380176.141,2040254.006,607.500,0.12,-0.08,64.2,1
354154.000,380172.300,2040255.702,607.500,0.12,-0.08,68.2,1
354156.000,380168.349,2040257.125,607.500,0.12,-0.08,72.2,1
354158.000,380164.309,2040258.269,607.500,0.12,-0.08,76.2,1
354160.000,380160.198,2040259.127,607.500,0.12,-0.08,80.2,1
354162.000,380156.038,2040259.695,607.500,0.12,-0.08,84.2,1
354164.000,380151.847,2040259.972,607.500,0.12,-0.08,88.2,1
354166.000,380147.648,2040259.954,607.500,0.12,-0.08,92.2,1
354168.000,380143.461,2040259.643,607.500,0.12,-0.08,96.3,1
354170.000,380139.305,2040259.039,607.500,0.12,-0.08,100.3,1
354172.000,380135.202,2040258.147,607.500,0.12,-0.08,104.3,1
354174.000,380131.171,2040256.969,607.500,0.12,-0.08,108.3,1
354176.000,380127.233,2040255.513,607.500,0.12,-0.08,112.3,1
354178.000,380123.406,2040253.784,607.500,0.12,-0.08,116.3,1
354180.000,380119.709,2040251.793,607.500,0.12,-0.08,120.3,1
354182.000,380116.161,2040249.547,607.500,0.12,-0.08,124.3,1
354184.000,380112.778,2040247.059,607.500,0.12,-0.08,128.3,1
354186.000,380109.578,2040244.340,607.500,0.12,-0.08,132.4,1
354188.000,380106.576,2040241.404,607.500,0.12,-0.08,136.4,1
354190.000,380103.786,2040238.266,607.500,0.12,-0.08,140.4,1
354192.000,380101.223,2040234.940,607.500,0.12,-0.08,144.4,1
354194.000,380098.899,2040231.443,607.500,0.12,-0.08,148.4,1
354196.000,380096.824,2040227.791,607.500,0.12,-0.08,152.4,1
354198.000,380095.011,2040224.004,607.500,0.12,-0.08,156.4,1
354200.000,380093.467,2040220.099,607.500,0.12,-0.08,160.4,1
354202.000,380092.199,2040216.096,607.500,0.12,-0.08,164.4,1
354204.000,380091.215,2040212.014,607.500,0.12,-0.08,168.4,1
354206.000,380090.519,2040207.873,607.500,0.12,-0.08,172.5,1
354208.000,380090.114,2040203.693,607.500,0.12,-0.08,176.5,1
354210.000,380090.002,2040199.496,607.500,0.12,-0.08,180.5,1
354212.000,380090.184,2040195.300,607.500,0.12,-0.08,184.5,1
354214.000,380090.660,2040191.128,607.500,0.12,-0.08,188.5,1
354216.000,380091.425,2040186.999,607.500,0.12,-0.08,192.5,1
354218.000,380092.478,2040182.934,607.500,0.12,-0.08,196.5,1
354220.000,380093.813,2040178.953,607.500,0.12,-0.08,200.5,1
354222.000,380095.422,2040175.075,607.500,0.12,-0.08,204.5,1
354224.000,380097.299,2040171.318,607.500,0.12,-0.08,208.6,1
354226.000,380099.434,2040167.703,607.500,0.12,-0.08,212.6,1
354228.000,380101.817,2040164.245,607.500,0.12,-0.08,216.6,1
354230.000,380104.436,2040160.962,607.500,0.12,-0.08,220.6,1
354232.000,380107.278,2040157.871,607.500,0.12,-0.08,224.6,1
354234.000,380110.329,2040154.986,607.500,0.12,-0.08,228.6,1
354236.000,380113.575,2040152.322,607.500,0.12,-0.08,232.6,1
354238.000,380116.999,2040149.891,607.500,0.12,-0.08,236.6,1
354240.000,380120.584,2040147.705,607.500,0.12,-0.08,240.6,1
354242.000,380124.314,2040145.776,607.500,0.12,-0.08,244.7,1
354244.000,380128.169,2040144.112,607.500,0.12,-0.08,248.7,1
354246.000,380132.132,2040142.722,607.500,0.12,-0.08,252.7,1
354248.000,380136.182,2040141.613,607.500,0.12,-0.08,256.7,1
354250.000,380140.299,2040140.789,607.500,0.12,-0.08,260.7,1
354252.000,380144.465,2040140.256,607.500,0.12,-0.08,264.7,1
354254.000,380148.657,2040140.015,607.500,0.12,-0.08,268.7,1
354256.000,380152.856,2040140.068,607.500,0.12,-0.08,272.7,1
354258.000,380157.040,2040140.414,607.500,0.12,-0.08,276.7,1
354260.000,380161.191,2040141.053,607.500,0.12,-0.08,280.7,1
354262.000,380165.286,2040141.980,607.500,0.12,-0.08,284.8,1
354264.000,380169.307,2040143.191,607.500,0.12,-0.08,288.8,1
354266.000,380173.233,2040144.681,607.500,0.12,-0.08,292.8,1
354268.000,380177.045,2040146.441,607.500,0.12,-0.08,296.8,1
354270.000,380180.725,2040148.464,607.500,0.12,-0.08,300.8,1
354272.000,380184.254,2040150.739,607.500,0.12,-0.08,304.8,1
354274.000,380187.616,2040153.256,607.500,0.12,-0.08,308.8,1
354276.000,380190.793,2040156.001,607.500,0.12,-0.08,312.8,1
354278.000,380193.771,2040158.962,607.500,0.12,-0.08,316.8,1
354280.000,380196.534,2040162.124,607.500,0.12,-0.08,320.9,1
354282.000,380199.069,2040165.471,607.500,0.12,-0.08,324.9,1
354284.000,380201.364,2040168.988,607.500,0.12,-0.08,328.9,1
354286.000,380203.407,2040172.657,607.500,0.12,-0.08,332.9,1
354288.000,380205.189,2040176.459,607.500,0.12,-0.08,336.9,1
354290.000,380206.700,2040180.377,607.500,0.12,-0.08,340.9,1
354292.000,380207.934,2040184.391,607.500,0.12,-0.08,344.9,1
354294.000,380208.884,2040188.481,607.500,0.12,-0.08,348.9,1
354296.000,380209.545,2040192.628,607.500,0.12,-0.08,352.9,1
354298.000,380209.915,2040196.810,607.500,0.12,-0.08,357.0,1
