image_filename,timestamp_utc,lat_deg,lon_deg,altitude_msl_m,utm_easting_m,utm_northing_m,altitude_agl_m,omega_deg,phi_deg,kappa_deg,accuracy_h_m,accuracy_v_m
IMG-20260902-WA0012.jpg,2026-09-02T10:15:22.450Z,18.651724,73.768912,607.500,380205.000,2040200.000,65.000,0.42,-0.18,0.00,0.015,0.022
IMG-20260902-WA0023.jpg,2026-09-02T10:16:22.450Z,18.651724,73.768912,607.500,380202.308,2040216.996,65.000,0.42,-0.18,18.00,0.015,0.022
IMG-20260902-WA0031.jpg,2026-09-02T10:17:22.450Z,18.651724,73.768912,607.500,380194.496,2040232.328,65.000,0.42,-0.18,36.00,0.015,0.022
IMG-20260902-WA0041.jpg,2026-09-02T10:18:22.450Z,18.651724,73.768912,607.500,380182.328,2040244.496,65.000,0.42,-0.18,54.00,0.015,0.022
IMG-20260902-WA0052.jpg,2026-09-02T10:19:22.450Z,18.651724,73.768912,607.500,380166.996,2040252.308,65.000,0.42,-0.18,72.00,0.015,0.022
IMG-20260902-WA0063.jpg,2026-09-02T10:20:22.450Z,18.651724,73.768912,607.500,380150.000,2040255.000,65.000,0.42,-0.18,90.00,0.015,0.022
IMG-20260902-WA0084.jpg,2026-09-02T10:21:22.450Z,18.651724,73.768912,607.500,380133.004,2040252.308,65.000,0.42,-0.18,108.00,0.015,0.022
IMG-20260902-WA0098.jpg,2026-09-02T10:22:22.450Z,18.651724,73.768912,607.500,380117.672,2040244.496,65.000,0.42,-0.18,126.00,0.015,0.022
IMG-20260902-WA0110.jpg,2026-09-02T10:23:22.450Z,18.651724,73.768912,607.500,380105.504,2040232.328,65.000,0.42,-0.18,144.00,0.015,0.022
IMG-20260902-WA0121.jpg,2026-09-02T10:24:22.450Z,18.651724,73.768912,607.500,380097.692,2040216.996,65.000,0.42,-0.18,162.00,0.015,0.022
IMG-20260902-WA0132.jpg,2026-09-02T10:25:22.450Z,18.651724,73.768912,607.500,380095.000,2040200.000,65.000,0.42,-0.18,180.00,0.015,0.022
IMG-20260902-WA0145.jpg,2026-09-02T10:26:22.450Z,18.651724,73.768912,607.500,380097.692,2040183.004,65.000,0.42,-0.18,198.00,0.015,0.022
IMG-20260902-WA0158.jpg,2026-09-02T10:27:22.450Z,18.651724,73.768912,607.500,380105.504,2040167.672,65.000,0.42,-0.18,216.00,0.015,0.022
IMG-20260902-WA0178.jpg,2026-09-02T10:28:22.450Z,18.651724,73.768912,607.500,380117.672,2040155.504,65.000,0.42,-0.18,234.00,0.015,0.022
IMG-20260902-WA0190.jpg,2026-09-02T10:29:22.450Z,18.651724,73.768912,607.500,380133.004,2040147.692,65.000,0.42,-0.18,252.00,0.015,0.022
IMG-20260902-WA0198.jpg,2026-09-02T10:30:22.450Z,18.651724,73.768912,607.500,380150.000,2040145.000,65.000,0.42,-0.18,270.00,0.015,0.022
IMG-20260902-WA0206.jpg,2026-09-02T10:31:22.450Z,18.651724,73.768912,607.500,380166.996,2040147.692,65.000,0.42,-0.18,288.00,0.015,0.022
IMG-20260902-WA0215.jpg,2026-09-02T10:32:22.450Z,18.651724,73.768912,607.500,380182.328,2040155.504,65.000,0.42,-0.18,306.00,0.015,0.022
IMG-20260902-WA0223.jpg,2026-09-02T10:33:22.450Z,18.651724,73.768912,607.500,380194.496,2040167.672,65.000,0.42,-0.18,324.00,0.015,0.022
IMG-20260902-WA0231.jpg,2026-09-02T10:34:22.450Z,18.651724,73.768912,607.500,380202.308,2040183.004,65.000,0.42,-0.18,342.00,0.015,0.022
